row_id,transition_packet_id,occurrence_id,element_Z,symbol,transition_family_id,native_transition_role,duon_current_status,sadar_flow_status,relational_measurement_status,hyperfine_c6_divisibility_status,target_value_read_status,si_report_status,metric_report_status,residual_status,score_status,row_sha256
elem118_transition_001,elementary_matter_transition_packet_Z001_H,elementary_matter_occurrence_Z001_H,1,H,elementary_matter_118_native_transition_atlas,native_transition_candidate_slot_materialized_no_frequency_or_target,declared_not_executed_in_this_gate,declared_not_executed_in_this_gate,not_materialized,not_evaluated_until_native_resonance_packet_exists,not_read,closed,closed,not_computed,no_score,3d3586ad62b83cd336787919c30df82c6b84a675e3e50b77be32ed7c47a70734
elem118_transition_002,elementary_matter_transition_packet_Z002_He,elementary_matter_occurrence_Z002_He,2,He,elementary_matter_118_native_transition_atlas,native_transition_candidate_slot_materialized_no_frequency_or_target,declared_not_executed_in_this_gate,declared_not_executed_in_this_gate,not_materialized,not_evaluated_until_native_resonance_packet_exists,not_read,closed,closed,not_computed,no_score,d6c8a473b4cdebe64fc326403be41564986bed0c596201444ea5e3491858d867
elem118_transition_003,elementary_matter_transition_packet_Z003_Li,elementary_matter_occurrence_Z003_Li,3,Li,elementary_matter_118_native_transition_atlas,native_transition_candidate_slot_materialized_no_frequency_or_target,declared_not_executed_in_this_gate,declared_not_executed_in_this_gate,not_materialized,not_evaluated_until_native_resonance_packet_exists,not_read,closed,closed,not_computed,no_score,5e4ff241f55422287bf337dda93abb3faf65e00287abf779b21c1e16c62c2467
elem118_transition_004,elementary_matter_transition_packet_Z004_Be,elementary_matter_occurrence_Z004_Be,4,Be,elementary_matter_118_native_transition_atlas,native_transition_candidate_slot_materialized_no_frequency_or_target,declared_not_executed_in_this_gate,declared_not_executed_in_this_gate,not_materialized,not_evaluated_until_native_resonance_packet_exists,not_read,closed,closed,not_computed,no_score,6a2c491ac190e9d5d01b387aa570f8bdf76811f5124bc67fe7c0e930aacd6fb7
elem118_transition_005,elementary_matter_transition_packet_Z005_B,elementary_matter_occurrence_Z005_B,5,B,elementary_matter_118_native_transition_atlas,native_transition_candidate_slot_materialized_no_frequency_or_target,declared_not_executed_in_this_gate,declared_not_executed_in_this_gate,not_materialized,not_evaluated_until_native_resonance_packet_exists,not_read,closed,closed,not_computed,no_score,95d017d97f3e6aea77c2316ea66c7cab346fa1de928f0ecba2f9b7f0fb6e309c
elem118_transition_006,elementary_matter_transition_packet_Z006_C,elementary_matter_occurrence_Z006_C,6,C,elementary_matter_118_native_transition_atlas,native_transition_candidate_slot_materialized_no_frequency_or_target,declared_not_executed_in_this_gate,declared_not_executed_in_this_gate,not_materialized,not_evaluated_until_native_resonance_packet_exists,not_read,closed,closed,not_computed,no_score,a6e34ecb54db43b5fac8285c16c4f527c6a65825e06cf9560f6d40fdc9e97118
elem118_transition_007,elementary_matter_transition_packet_Z007_N,elementary_matter_occurrence_Z007_N,7,N,elementary_matter_118_native_transition_atlas,native_transition_candidate_slot_materialized_no_frequency_or_target,declared_not_executed_in_this_gate,declared_not_executed_in_this_gate,not_materialized,not_evaluated_until_native_resonance_packet_exists,not_read,closed,closed,not_computed,no_score,19833b23c2e7bd24974d928c1c92e42494b83700317bf371e4d2e97508506aaf
elem118_transition_008,elementary_matter_transition_packet_Z008_O,elementary_matter_occurrence_Z008_O,8,O,elementary_matter_118_native_transition_atlas,native_transition_candidate_slot_materialized_no_frequency_or_target,declared_not_executed_in_this_gate,declared_not_executed_in_this_gate,not_materialized,not_evaluated_until_native_resonance_packet_exists,not_read,closed,closed,not_computed,no_score,88143cf36a7f9e9081ee1e3677945f14c9578e92a6dea192da43569f7b8341d4
elem118_transition_009,elementary_matter_transition_packet_Z009_F,elementary_matter_occurrence_Z009_F,9,F,elementary_matter_118_native_transition_atlas,native_transition_candidate_slot_materialized_no_frequency_or_target,declared_not_executed_in_this_gate,declared_not_executed_in_this_gate,not_materialized,not_evaluated_until_native_resonance_packet_exists,not_read,closed,closed,not_computed,no_score,a53c639a3359309b5b87b2efd16d141be978bffe64a4b1a8eb94adbeccc2dd53
elem118_transition_010,elementary_matter_transition_packet_Z010_Ne,elementary_matter_occurrence_Z010_Ne,10,Ne,elementary_matter_118_native_transition_atlas,native_transition_candidate_slot_materialized_no_frequency_or_target,declared_not_executed_in_this_gate,declared_not_executed_in_this_gate,not_materialized,not_evaluated_until_native_resonance_packet_exists,not_read,closed,closed,not_computed,no_score,b2cd04a23bb3ce715471b107cb07ce77276fa8211d53fb211e702256bcc4ea92
elem118_transition_011,elementary_matter_transition_packet_Z011_Na,elementary_matter_occurrence_Z011_Na,11,Na,elementary_matter_118_native_transition_atlas,native_transition_candidate_slot_materialized_no_frequency_or_target,declared_not_executed_in_this_gate,declared_not_executed_in_this_gate,not_materialized,not_evaluated_until_native_resonance_packet_exists,not_read,closed,closed,not_computed,no_score,92fa5e0618d90fa9620cf5e0e6df7e595caf0d7796232c2d529eb5c0108fb9a5
elem118_transition_012,elementary_matter_transition_packet_Z012_Mg,elementary_matter_occurrence_Z012_Mg,12,Mg,elementary_matter_118_native_transition_atlas,native_transition_candidate_slot_materialized_no_frequency_or_target,declared_not_executed_in_this_gate,declared_not_executed_in_this_gate,not_materialized,not_evaluated_until_native_resonance_packet_exists,not_read,closed,closed,not_computed,no_score,743831cd6ca34319b677411583585fa88114a61f820139d1b5e9c9517d8197c3
elem118_transition_013,elementary_matter_transition_packet_Z013_Al,elementary_matter_occurrence_Z013_Al,13,Al,elementary_matter_118_native_transition_atlas,native_transition_candidate_slot_materialized_no_frequency_or_target,declared_not_executed_in_this_gate,declared_not_executed_in_this_gate,not_materialized,not_evaluated_until_native_resonance_packet_exists,not_read,closed,closed,not_computed,no_score,d420253991c8c6b892d8f92fb744fd308c8004a7883f73339f90ebf3437bbf7f
elem118_transition_014,elementary_matter_transition_packet_Z014_Si,elementary_matter_occurrence_Z014_Si,14,Si,elementary_matter_118_native_transition_atlas,native_transition_candidate_slot_materialized_no_frequency_or_target,declared_not_executed_in_this_gate,declared_not_executed_in_this_gate,not_materialized,not_evaluated_until_native_resonance_packet_exists,not_read,closed,closed,not_computed,no_score,566daf89b13e54d7edcb6c3bf190cb9c1de52cd1adcc9e2caa89a2925614740f
elem118_transition_015,elementary_matter_transition_packet_Z015_P,elementary_matter_occurrence_Z015_P,15,P,elementary_matter_118_native_transition_atlas,native_transition_candidate_slot_materialized_no_frequency_or_target,declared_not_executed_in_this_gate,declared_not_executed_in_this_gate,not_materialized,not_evaluated_until_native_resonance_packet_exists,not_read,closed,closed,not_computed,no_score,5b4c1404845b1104e52b52b58d609878b7c9151b52c71a19939847877e80a9a3
elem118_transition_016,elementary_matter_transition_packet_Z016_S,elementary_matter_occurrence_Z016_S,16,S,elementary_matter_118_native_transition_atlas,native_transition_candidate_slot_materialized_no_frequency_or_target,declared_not_executed_in_this_gate,declared_not_executed_in_this_gate,not_materialized,not_evaluated_until_native_resonance_packet_exists,not_read,closed,closed,not_computed,no_score,3d2a3d011088eadc8de8af7f987032ed427887e454b718980196828607754c54
elem118_transition_017,elementary_matter_transition_packet_Z017_Cl,elementary_matter_occurrence_Z017_Cl,17,Cl,elementary_matter_118_native_transition_atlas,native_transition_candidate_slot_materialized_no_frequency_or_target,declared_not_executed_in_this_gate,declared_not_executed_in_this_gate,not_materialized,not_evaluated_until_native_resonance_packet_exists,not_read,closed,closed,not_computed,no_score,7d0538d808bb2a62d1ccb827b819eb0ec30cc8f629befd978177f305561c2679
elem118_transition_018,elementary_matter_transition_packet_Z018_Ar,elementary_matter_occurrence_Z018_Ar,18,Ar,elementary_matter_118_native_transition_atlas,native_transition_candidate_slot_materialized_no_frequency_or_target,declared_not_executed_in_this_gate,declared_not_executed_in_this_gate,not_materialized,not_evaluated_until_native_resonance_packet_exists,not_read,closed,closed,not_computed,no_score,e05fe3e0efcaab2bc46ade548941c189ad18e82e19dec2dc2966c98f45761548
elem118_transition_019,elementary_matter_transition_packet_Z019_K,elementary_matter_occurrence_Z019_K,19,K,elementary_matter_118_native_transition_atlas,native_transition_candidate_slot_materialized_no_frequency_or_target,declared_not_executed_in_this_gate,declared_not_executed_in_this_gate,not_materialized,not_evaluated_until_native_resonance_packet_exists,not_read,closed,closed,not_computed,no_score,667e5159bfa8a5b5b28d973df4df5760ea53389241905cc723f00efab786a9ce
elem118_transition_020,elementary_matter_transition_packet_Z020_Ca,elementary_matter_occurrence_Z020_Ca,20,Ca,elementary_matter_118_native_transition_atlas,native_transition_candidate_slot_materialized_no_frequency_or_target,declared_not_executed_in_this_gate,declared_not_executed_in_this_gate,not_materialized,not_evaluated_until_native_resonance_packet_exists,not_read,closed,closed,not_computed,no_score,5256a304b065b157314a385572cd0e4daf8b2a72ef30ea5ec260c656d4883f04
elem118_transition_021,elementary_matter_transition_packet_Z021_Sc,elementary_matter_occurrence_Z021_Sc,21,Sc,elementary_matter_118_native_transition_atlas,native_transition_candidate_slot_materialized_no_frequency_or_target,declared_not_executed_in_this_gate,declared_not_executed_in_this_gate,not_materialized,not_evaluated_until_native_resonance_packet_exists,not_read,closed,closed,not_computed,no_score,861ba3150cfeac73941c13bd963c095e932048d83d971955c1af5b483be11622
elem118_transition_022,elementary_matter_transition_packet_Z022_Ti,elementary_matter_occurrence_Z022_Ti,22,Ti,elementary_matter_118_native_transition_atlas,native_transition_candidate_slot_materialized_no_frequency_or_target,declared_not_executed_in_this_gate,declared_not_executed_in_this_gate,not_materialized,not_evaluated_until_native_resonance_packet_exists,not_read,closed,closed,not_computed,no_score,e92589310fa2dd85376b5e2da5dc6c914b9902a8900e69133f6d03f1f8c21f97
elem118_transition_023,elementary_matter_transition_packet_Z023_V,elementary_matter_occurrence_Z023_V,23,V,elementary_matter_118_native_transition_atlas,native_transition_candidate_slot_materialized_no_frequency_or_target,declared_not_executed_in_this_gate,declared_not_executed_in_this_gate,not_materialized,not_evaluated_until_native_resonance_packet_exists,not_read,closed,closed,not_computed,no_score,c769755515dac96b073a01a571b41642415b2d1d3fe4fb9e70b1efb7225d5ae0
elem118_transition_024,elementary_matter_transition_packet_Z024_Cr,elementary_matter_occurrence_Z024_Cr,24,Cr,elementary_matter_118_native_transition_atlas,native_transition_candidate_slot_materialized_no_frequency_or_target,declared_not_executed_in_this_gate,declared_not_executed_in_this_gate,not_materialized,not_evaluated_until_native_resonance_packet_exists,not_read,closed,closed,not_computed,no_score,ef9222778165c6e7544e5f1d96f741444db911a5ea0834f3c15a9e560c9c1195
elem118_transition_025,elementary_matter_transition_packet_Z025_Mn,elementary_matter_occurrence_Z025_Mn,25,Mn,elementary_matter_118_native_transition_atlas,native_transition_candidate_slot_materialized_no_frequency_or_target,declared_not_executed_in_this_gate,declared_not_executed_in_this_gate,not_materialized,not_evaluated_until_native_resonance_packet_exists,not_read,closed,closed,not_computed,no_score,0dce0ae3d82f3dc01ce2a640eebeb644c7ce7984915c593029d58c4d31802c4d
elem118_transition_026,elementary_matter_transition_packet_Z026_Fe,elementary_matter_occurrence_Z026_Fe,26,Fe,elementary_matter_118_native_transition_atlas,native_transition_candidate_slot_materialized_no_frequency_or_target,declared_not_executed_in_this_gate,declared_not_executed_in_this_gate,not_materialized,not_evaluated_until_native_resonance_packet_exists,not_read,closed,closed,not_computed,no_score,675c3a94563f9b708a2902624c36127f409edd016ab55ad25610d1cba1367e88
elem118_transition_027,elementary_matter_transition_packet_Z027_Co,elementary_matter_occurrence_Z027_Co,27,Co,elementary_matter_118_native_transition_atlas,native_transition_candidate_slot_materialized_no_frequency_or_target,declared_not_executed_in_this_gate,declared_not_executed_in_this_gate,not_materialized,not_evaluated_until_native_resonance_packet_exists,not_read,closed,closed,not_computed,no_score,9507ab2f385937e94436db76e27d7602115146c6eb5944200e57bd14f998006a
elem118_transition_028,elementary_matter_transition_packet_Z028_Ni,elementary_matter_occurrence_Z028_Ni,28,Ni,elementary_matter_118_native_transition_atlas,native_transition_candidate_slot_materialized_no_frequency_or_target,declared_not_executed_in_this_gate,declared_not_executed_in_this_gate,not_materialized,not_evaluated_until_native_resonance_packet_exists,not_read,closed,closed,not_computed,no_score,6fbc288d663979eafb99e175853400112f8f2c30ed505127fc55ed70d0ad2c68
elem118_transition_029,elementary_matter_transition_packet_Z029_Cu,elementary_matter_occurrence_Z029_Cu,29,Cu,elementary_matter_118_native_transition_atlas,native_transition_candidate_slot_materialized_no_frequency_or_target,declared_not_executed_in_this_gate,declared_not_executed_in_this_gate,not_materialized,not_evaluated_until_native_resonance_packet_exists,not_read,closed,closed,not_computed,no_score,60df3a7f8df94d4dc63654e929465f003534c39a7b92d19a3d19065d4cb649ce
elem118_transition_030,elementary_matter_transition_packet_Z030_Zn,elementary_matter_occurrence_Z030_Zn,30,Zn,elementary_matter_118_native_transition_atlas,native_transition_candidate_slot_materialized_no_frequency_or_target,declared_not_executed_in_this_gate,declared_not_executed_in_this_gate,not_materialized,not_evaluated_until_native_resonance_packet_exists,not_read,closed,closed,not_computed,no_score,6967b1cbbc6e5a14a2e632147c03d27870a097abda6f1af7f54648cf1b35973e
elem118_transition_031,elementary_matter_transition_packet_Z031_Ga,elementary_matter_occurrence_Z031_Ga,31,Ga,elementary_matter_118_native_transition_atlas,native_transition_candidate_slot_materialized_no_frequency_or_target,declared_not_executed_in_this_gate,declared_not_executed_in_this_gate,not_materialized,not_evaluated_until_native_resonance_packet_exists,not_read,closed,closed,not_computed,no_score,251bac45ca4f0c761df1735fc13a28717e8eee730cb98b5338db78b810a62876
elem118_transition_032,elementary_matter_transition_packet_Z032_Ge,elementary_matter_occurrence_Z032_Ge,32,Ge,elementary_matter_118_native_transition_atlas,native_transition_candidate_slot_materialized_no_frequency_or_target,declared_not_executed_in_this_gate,declared_not_executed_in_this_gate,not_materialized,not_evaluated_until_native_resonance_packet_exists,not_read,closed,closed,not_computed,no_score,b1ade418755ed55f4254d0200dc11d7927c936b63d31384302a2acb57fac3e69
elem118_transition_033,elementary_matter_transition_packet_Z033_As,elementary_matter_occurrence_Z033_As,33,As,elementary_matter_118_native_transition_atlas,native_transition_candidate_slot_materialized_no_frequency_or_target,declared_not_executed_in_this_gate,declared_not_executed_in_this_gate,not_materialized,not_evaluated_until_native_resonance_packet_exists,not_read,closed,closed,not_computed,no_score,c0f058134e95c20e6815a6c8bdfaa8d107d3ed1b7b2cd999a256551d069c7784
elem118_transition_034,elementary_matter_transition_packet_Z034_Se,elementary_matter_occurrence_Z034_Se,34,Se,elementary_matter_118_native_transition_atlas,native_transition_candidate_slot_materialized_no_frequency_or_target,declared_not_executed_in_this_gate,declared_not_executed_in_this_gate,not_materialized,not_evaluated_until_native_resonance_packet_exists,not_read,closed,closed,not_computed,no_score,8e62a085f638bdbf1f1839b2e940dcb25ba12969970065e18e01e0a4df5ea0d4
elem118_transition_035,elementary_matter_transition_packet_Z035_Br,elementary_matter_occurrence_Z035_Br,35,Br,elementary_matter_118_native_transition_atlas,native_transition_candidate_slot_materialized_no_frequency_or_target,declared_not_executed_in_this_gate,declared_not_executed_in_this_gate,not_materialized,not_evaluated_until_native_resonance_packet_exists,not_read,closed,closed,not_computed,no_score,e57f2dfd87fc0a05f6ec1eebc2a3833db5fc707d9a532de07e2ae2c2d11fc755
elem118_transition_036,elementary_matter_transition_packet_Z036_Kr,elementary_matter_occurrence_Z036_Kr,36,Kr,elementary_matter_118_native_transition_atlas,native_transition_candidate_slot_materialized_no_frequency_or_target,declared_not_executed_in_this_gate,declared_not_executed_in_this_gate,not_materialized,not_evaluated_until_native_resonance_packet_exists,not_read,closed,closed,not_computed,no_score,6fc9966e2b2a8230cd89660b558b2403cea832f56926ced72d615bd563aea8ff
elem118_transition_037,elementary_matter_transition_packet_Z037_Rb,elementary_matter_occurrence_Z037_Rb,37,Rb,elementary_matter_118_native_transition_atlas,native_transition_candidate_slot_materialized_no_frequency_or_target,declared_not_executed_in_this_gate,declared_not_executed_in_this_gate,not_materialized,not_evaluated_until_native_resonance_packet_exists,not_read,closed,closed,not_computed,no_score,b9c32e54c461e8c36f8cfeb41c4ba710e0ad11f4dc783d1c8f4b893ec5c0075c
elem118_transition_038,elementary_matter_transition_packet_Z038_Sr,elementary_matter_occurrence_Z038_Sr,38,Sr,elementary_matter_118_native_transition_atlas,native_transition_candidate_slot_materialized_no_frequency_or_target,declared_not_executed_in_this_gate,declared_not_executed_in_this_gate,not_materialized,not_evaluated_until_native_resonance_packet_exists,not_read,closed,closed,not_computed,no_score,ab1f12dedc21032cae28b451f91979c2a0d36aadc5dd8d5ededbb37f768e391f
elem118_transition_039,elementary_matter_transition_packet_Z039_Y,elementary_matter_occurrence_Z039_Y,39,Y,elementary_matter_118_native_transition_atlas,native_transition_candidate_slot_materialized_no_frequency_or_target,declared_not_executed_in_this_gate,declared_not_executed_in_this_gate,not_materialized,not_evaluated_until_native_resonance_packet_exists,not_read,closed,closed,not_computed,no_score,5702b33cc2d7e1e4b328e45dc5998402c5b31c15316433e0d5d59b403e686d2b
elem118_transition_040,elementary_matter_transition_packet_Z040_Zr,elementary_matter_occurrence_Z040_Zr,40,Zr,elementary_matter_118_native_transition_atlas,native_transition_candidate_slot_materialized_no_frequency_or_target,declared_not_executed_in_this_gate,declared_not_executed_in_this_gate,not_materialized,not_evaluated_until_native_resonance_packet_exists,not_read,closed,closed,not_computed,no_score,b4199550233623e7cb3b2fc87e36487344dde66af1b9ad3c21269d84151491ff
elem118_transition_041,elementary_matter_transition_packet_Z041_Nb,elementary_matter_occurrence_Z041_Nb,41,Nb,elementary_matter_118_native_transition_atlas,native_transition_candidate_slot_materialized_no_frequency_or_target,declared_not_executed_in_this_gate,declared_not_executed_in_this_gate,not_materialized,not_evaluated_until_native_resonance_packet_exists,not_read,closed,closed,not_computed,no_score,ed0a0589d26c2d4ee7dfac42f306cff3a0d1b317f72c9eacb0f9c1c7ec67acff
elem118_transition_042,elementary_matter_transition_packet_Z042_Mo,elementary_matter_occurrence_Z042_Mo,42,Mo,elementary_matter_118_native_transition_atlas,native_transition_candidate_slot_materialized_no_frequency_or_target,declared_not_executed_in_this_gate,declared_not_executed_in_this_gate,not_materialized,not_evaluated_until_native_resonance_packet_exists,not_read,closed,closed,not_computed,no_score,1f29098928925a001f990f6c69e6ecb117400043e02b9ecccff521580f6f13ad
elem118_transition_043,elementary_matter_transition_packet_Z043_Tc,elementary_matter_occurrence_Z043_Tc,43,Tc,elementary_matter_118_native_transition_atlas,native_transition_candidate_slot_materialized_no_frequency_or_target,declared_not_executed_in_this_gate,declared_not_executed_in_this_gate,not_materialized,not_evaluated_until_native_resonance_packet_exists,not_read,closed,closed,not_computed,no_score,8ea41279c652cd2618e94a8bc8723abfd18897fdd59add8d1bc3d9de204fe25a
elem118_transition_044,elementary_matter_transition_packet_Z044_Ru,elementary_matter_occurrence_Z044_Ru,44,Ru,elementary_matter_118_native_transition_atlas,native_transition_candidate_slot_materialized_no_frequency_or_target,declared_not_executed_in_this_gate,declared_not_executed_in_this_gate,not_materialized,not_evaluated_until_native_resonance_packet_exists,not_read,closed,closed,not_computed,no_score,59cf74d45d1c2b9c9125e8c0900039653f3df455d4379167d6e9a9884a261479
elem118_transition_045,elementary_matter_transition_packet_Z045_Rh,elementary_matter_occurrence_Z045_Rh,45,Rh,elementary_matter_118_native_transition_atlas,native_transition_candidate_slot_materialized_no_frequency_or_target,declared_not_executed_in_this_gate,declared_not_executed_in_this_gate,not_materialized,not_evaluated_until_native_resonance_packet_exists,not_read,closed,closed,not_computed,no_score,8e34e20eb540e617c8f49d056307cac4930f98ae0596929d21b297242741045e
elem118_transition_046,elementary_matter_transition_packet_Z046_Pd,elementary_matter_occurrence_Z046_Pd,46,Pd,elementary_matter_118_native_transition_atlas,native_transition_candidate_slot_materialized_no_frequency_or_target,declared_not_executed_in_this_gate,declared_not_executed_in_this_gate,not_materialized,not_evaluated_until_native_resonance_packet_exists,not_read,closed,closed,not_computed,no_score,1bd979921f6bce50b16da99061c7b58420a0bc32ac52a34496b4719eff7fc024
elem118_transition_047,elementary_matter_transition_packet_Z047_Ag,elementary_matter_occurrence_Z047_Ag,47,Ag,elementary_matter_118_native_transition_atlas,native_transition_candidate_slot_materialized_no_frequency_or_target,declared_not_executed_in_this_gate,declared_not_executed_in_this_gate,not_materialized,not_evaluated_until_native_resonance_packet_exists,not_read,closed,closed,not_computed,no_score,106291cb4de10e7322260ce2395085e6c660d411141d61749a682947affe3d96
elem118_transition_048,elementary_matter_transition_packet_Z048_Cd,elementary_matter_occurrence_Z048_Cd,48,Cd,elementary_matter_118_native_transition_atlas,native_transition_candidate_slot_materialized_no_frequency_or_target,declared_not_executed_in_this_gate,declared_not_executed_in_this_gate,not_materialized,not_evaluated_until_native_resonance_packet_exists,not_read,closed,closed,not_computed,no_score,bfb03f14c1157b8f1a8ad8267f7800821c1c7aec02e966a1ecce3b3664f473ff
elem118_transition_049,elementary_matter_transition_packet_Z049_In,elementary_matter_occurrence_Z049_In,49,In,elementary_matter_118_native_transition_atlas,native_transition_candidate_slot_materialized_no_frequency_or_target,declared_not_executed_in_this_gate,declared_not_executed_in_this_gate,not_materialized,not_evaluated_until_native_resonance_packet_exists,not_read,closed,closed,not_computed,no_score,619fec0a2759b4375e29172bbf25d3defa6a0652cc6785c88d515358218714ac
elem118_transition_050,elementary_matter_transition_packet_Z050_Sn,elementary_matter_occurrence_Z050_Sn,50,Sn,elementary_matter_118_native_transition_atlas,native_transition_candidate_slot_materialized_no_frequency_or_target,declared_not_executed_in_this_gate,declared_not_executed_in_this_gate,not_materialized,not_evaluated_until_native_resonance_packet_exists,not_read,closed,closed,not_computed,no_score,6474a27a06767fe1faabc54ede6464f8cf2d905867579861e465f9f0bbdf97cb
elem118_transition_051,elementary_matter_transition_packet_Z051_Sb,elementary_matter_occurrence_Z051_Sb,51,Sb,elementary_matter_118_native_transition_atlas,native_transition_candidate_slot_materialized_no_frequency_or_target,declared_not_executed_in_this_gate,declared_not_executed_in_this_gate,not_materialized,not_evaluated_until_native_resonance_packet_exists,not_read,closed,closed,not_computed,no_score,4352479dcfb97d05f01c67daa02e986989bd73dc76649b95cfe7c24346f3cf74
elem118_transition_052,elementary_matter_transition_packet_Z052_Te,elementary_matter_occurrence_Z052_Te,52,Te,elementary_matter_118_native_transition_atlas,native_transition_candidate_slot_materialized_no_frequency_or_target,declared_not_executed_in_this_gate,declared_not_executed_in_this_gate,not_materialized,not_evaluated_until_native_resonance_packet_exists,not_read,closed,closed,not_computed,no_score,12486146a76238912f83ffdc1d7542b2d43a9dfdcfbd6ec04e2d3b2db0991150
elem118_transition_053,elementary_matter_transition_packet_Z053_I,elementary_matter_occurrence_Z053_I,53,I,elementary_matter_118_native_transition_atlas,native_transition_candidate_slot_materialized_no_frequency_or_target,declared_not_executed_in_this_gate,declared_not_executed_in_this_gate,not_materialized,not_evaluated_until_native_resonance_packet_exists,not_read,closed,closed,not_computed,no_score,fdbe29947f9edb41bef4b0e64219e17411be03b76cdeb3a7b8bcdd624d779bf0
elem118_transition_054,elementary_matter_transition_packet_Z054_Xe,elementary_matter_occurrence_Z054_Xe,54,Xe,elementary_matter_118_native_transition_atlas,native_transition_candidate_slot_materialized_no_frequency_or_target,declared_not_executed_in_this_gate,declared_not_executed_in_this_gate,not_materialized,not_evaluated_until_native_resonance_packet_exists,not_read,closed,closed,not_computed,no_score,9ea7134969ebb0919a1b0424b850836d614bab546e9c1f5ac9f8742616ee37be
elem118_transition_055,elementary_matter_transition_packet_Z055_Cs,elementary_matter_occurrence_Z055_Cs,55,Cs,elementary_matter_118_native_transition_atlas,native_transition_candidate_slot_materialized_no_frequency_or_target,declared_not_executed_in_this_gate,declared_not_executed_in_this_gate,not_materialized,not_evaluated_until_native_resonance_packet_exists,not_read,closed,closed,not_computed,no_score,fcd42d0bd09412ba09ebfb64b323578aeee43cdaad30973404c0cecb0d4fcacf
elem118_transition_056,elementary_matter_transition_packet_Z056_Ba,elementary_matter_occurrence_Z056_Ba,56,Ba,elementary_matter_118_native_transition_atlas,native_transition_candidate_slot_materialized_no_frequency_or_target,declared_not_executed_in_this_gate,declared_not_executed_in_this_gate,not_materialized,not_evaluated_until_native_resonance_packet_exists,not_read,closed,closed,not_computed,no_score,eeb4576edee38f7db1f4c1b9c89feae54b169bff5df5e30d33ef4239a8964701
elem118_transition_057,elementary_matter_transition_packet_Z057_La,elementary_matter_occurrence_Z057_La,57,La,elementary_matter_118_native_transition_atlas,native_transition_candidate_slot_materialized_no_frequency_or_target,declared_not_executed_in_this_gate,declared_not_executed_in_this_gate,not_materialized,not_evaluated_until_native_resonance_packet_exists,not_read,closed,closed,not_computed,no_score,39fbc81d144cc44acd15bb1d1204955b50a172c29a57e985d9eb8d801f338433
elem118_transition_058,elementary_matter_transition_packet_Z058_Ce,elementary_matter_occurrence_Z058_Ce,58,Ce,elementary_matter_118_native_transition_atlas,native_transition_candidate_slot_materialized_no_frequency_or_target,declared_not_executed_in_this_gate,declared_not_executed_in_this_gate,not_materialized,not_evaluated_until_native_resonance_packet_exists,not_read,closed,closed,not_computed,no_score,bcc2d70edacfc590a371a8a9b8d1c5a750d9b02cce6c00904151947360b03bfc
elem118_transition_059,elementary_matter_transition_packet_Z059_Pr,elementary_matter_occurrence_Z059_Pr,59,Pr,elementary_matter_118_native_transition_atlas,native_transition_candidate_slot_materialized_no_frequency_or_target,declared_not_executed_in_this_gate,declared_not_executed_in_this_gate,not_materialized,not_evaluated_until_native_resonance_packet_exists,not_read,closed,closed,not_computed,no_score,3518faedc7739ad504e323087c487ef3d896301598e77062cd878062c70600e1
elem118_transition_060,elementary_matter_transition_packet_Z060_Nd,elementary_matter_occurrence_Z060_Nd,60,Nd,elementary_matter_118_native_transition_atlas,native_transition_candidate_slot_materialized_no_frequency_or_target,declared_not_executed_in_this_gate,declared_not_executed_in_this_gate,not_materialized,not_evaluated_until_native_resonance_packet_exists,not_read,closed,closed,not_computed,no_score,9dbd9563a51b6c01f74fbba76d8a5f199fcbfcf082823eaa1ae4d055cbd24e00
elem118_transition_061,elementary_matter_transition_packet_Z061_Pm,elementary_matter_occurrence_Z061_Pm,61,Pm,elementary_matter_118_native_transition_atlas,native_transition_candidate_slot_materialized_no_frequency_or_target,declared_not_executed_in_this_gate,declared_not_executed_in_this_gate,not_materialized,not_evaluated_until_native_resonance_packet_exists,not_read,closed,closed,not_computed,no_score,97351b073324b9c56a885c47d83767e03cb2bd806d4537b0d0ccf1d3586e4b47
elem118_transition_062,elementary_matter_transition_packet_Z062_Sm,elementary_matter_occurrence_Z062_Sm,62,Sm,elementary_matter_118_native_transition_atlas,native_transition_candidate_slot_materialized_no_frequency_or_target,declared_not_executed_in_this_gate,declared_not_executed_in_this_gate,not_materialized,not_evaluated_until_native_resonance_packet_exists,not_read,closed,closed,not_computed,no_score,3e0a4d6a0f12ca8cb54d8316cf104bb586f781ab3ae07f34f394d8dc090c49fc
elem118_transition_063,elementary_matter_transition_packet_Z063_Eu,elementary_matter_occurrence_Z063_Eu,63,Eu,elementary_matter_118_native_transition_atlas,native_transition_candidate_slot_materialized_no_frequency_or_target,declared_not_executed_in_this_gate,declared_not_executed_in_this_gate,not_materialized,not_evaluated_until_native_resonance_packet_exists,not_read,closed,closed,not_computed,no_score,a5a48dfcc3e53812c5eef3cab1afc4b3d62e2639e17edb31a65c9b5c0007ff2f
elem118_transition_064,elementary_matter_transition_packet_Z064_Gd,elementary_matter_occurrence_Z064_Gd,64,Gd,elementary_matter_118_native_transition_atlas,native_transition_candidate_slot_materialized_no_frequency_or_target,declared_not_executed_in_this_gate,declared_not_executed_in_this_gate,not_materialized,not_evaluated_until_native_resonance_packet_exists,not_read,closed,closed,not_computed,no_score,990ea88498abb828c571d2409dd52a63e467410d509242450d971147c6024bec
elem118_transition_065,elementary_matter_transition_packet_Z065_Tb,elementary_matter_occurrence_Z065_Tb,65,Tb,elementary_matter_118_native_transition_atlas,native_transition_candidate_slot_materialized_no_frequency_or_target,declared_not_executed_in_this_gate,declared_not_executed_in_this_gate,not_materialized,not_evaluated_until_native_resonance_packet_exists,not_read,closed,closed,not_computed,no_score,f7782cd48b621fec4054eefa1e9db8d504b6a22c8a14e06f4a8dc64159f53c62
elem118_transition_066,elementary_matter_transition_packet_Z066_Dy,elementary_matter_occurrence_Z066_Dy,66,Dy,elementary_matter_118_native_transition_atlas,native_transition_candidate_slot_materialized_no_frequency_or_target,declared_not_executed_in_this_gate,declared_not_executed_in_this_gate,not_materialized,not_evaluated_until_native_resonance_packet_exists,not_read,closed,closed,not_computed,no_score,3ece4511df316fb1a8994957b0c5f5c90066473e5d84efebd1ff096b0d388b12
elem118_transition_067,elementary_matter_transition_packet_Z067_Ho,elementary_matter_occurrence_Z067_Ho,67,Ho,elementary_matter_118_native_transition_atlas,native_transition_candidate_slot_materialized_no_frequency_or_target,declared_not_executed_in_this_gate,declared_not_executed_in_this_gate,not_materialized,not_evaluated_until_native_resonance_packet_exists,not_read,closed,closed,not_computed,no_score,23e837038a63c06ba6458a72e30749b91479fa56b155424e4a857473374d3fe5
elem118_transition_068,elementary_matter_transition_packet_Z068_Er,elementary_matter_occurrence_Z068_Er,68,Er,elementary_matter_118_native_transition_atlas,native_transition_candidate_slot_materialized_no_frequency_or_target,declared_not_executed_in_this_gate,declared_not_executed_in_this_gate,not_materialized,not_evaluated_until_native_resonance_packet_exists,not_read,closed,closed,not_computed,no_score,b1f3399d7ceb8783f4d4d02549ad0d584366e4d212071723e39b8aca51bc196b
elem118_transition_069,elementary_matter_transition_packet_Z069_Tm,elementary_matter_occurrence_Z069_Tm,69,Tm,elementary_matter_118_native_transition_atlas,native_transition_candidate_slot_materialized_no_frequency_or_target,declared_not_executed_in_this_gate,declared_not_executed_in_this_gate,not_materialized,not_evaluated_until_native_resonance_packet_exists,not_read,closed,closed,not_computed,no_score,aa08fceafeb5cd386f567d51d5140b30f1020bc9deab404e7f78d15067fe0f28
elem118_transition_070,elementary_matter_transition_packet_Z070_Yb,elementary_matter_occurrence_Z070_Yb,70,Yb,elementary_matter_118_native_transition_atlas,native_transition_candidate_slot_materialized_no_frequency_or_target,declared_not_executed_in_this_gate,declared_not_executed_in_this_gate,not_materialized,not_evaluated_until_native_resonance_packet_exists,not_read,closed,closed,not_computed,no_score,cc4d9492852d5122d7845a943065ec22b34b9380a5d6e8d75f03eab604b7c320
elem118_transition_071,elementary_matter_transition_packet_Z071_Lu,elementary_matter_occurrence_Z071_Lu,71,Lu,elementary_matter_118_native_transition_atlas,native_transition_candidate_slot_materialized_no_frequency_or_target,declared_not_executed_in_this_gate,declared_not_executed_in_this_gate,not_materialized,not_evaluated_until_native_resonance_packet_exists,not_read,closed,closed,not_computed,no_score,a2a81b967b08e6a25aa45a8b82d1b4f86383cd5af01930f8d4871ebd27b46668
elem118_transition_072,elementary_matter_transition_packet_Z072_Hf,elementary_matter_occurrence_Z072_Hf,72,Hf,elementary_matter_118_native_transition_atlas,native_transition_candidate_slot_materialized_no_frequency_or_target,declared_not_executed_in_this_gate,declared_not_executed_in_this_gate,not_materialized,not_evaluated_until_native_resonance_packet_exists,not_read,closed,closed,not_computed,no_score,d02922954dc571740bcf3ccbf870500b5d1779748aebd4eaaa90e84ee5093206
elem118_transition_073,elementary_matter_transition_packet_Z073_Ta,elementary_matter_occurrence_Z073_Ta,73,Ta,elementary_matter_118_native_transition_atlas,native_transition_candidate_slot_materialized_no_frequency_or_target,declared_not_executed_in_this_gate,declared_not_executed_in_this_gate,not_materialized,not_evaluated_until_native_resonance_packet_exists,not_read,closed,closed,not_computed,no_score,f291d3fde674c3482743d352c982d3e6f0637583de3a56c8e31870add371235c
elem118_transition_074,elementary_matter_transition_packet_Z074_W,elementary_matter_occurrence_Z074_W,74,W,elementary_matter_118_native_transition_atlas,native_transition_candidate_slot_materialized_no_frequency_or_target,declared_not_executed_in_this_gate,declared_not_executed_in_this_gate,not_materialized,not_evaluated_until_native_resonance_packet_exists,not_read,closed,closed,not_computed,no_score,227f14ae64d2ce498b408b079a8430867383a7b1a6e2f35841d2c436618810d9
elem118_transition_075,elementary_matter_transition_packet_Z075_Re,elementary_matter_occurrence_Z075_Re,75,Re,elementary_matter_118_native_transition_atlas,native_transition_candidate_slot_materialized_no_frequency_or_target,declared_not_executed_in_this_gate,declared_not_executed_in_this_gate,not_materialized,not_evaluated_until_native_resonance_packet_exists,not_read,closed,closed,not_computed,no_score,a76adfd59360a31d7136340792066dc95fc2e15388f0d7e2c04b2bf013e1b759
elem118_transition_076,elementary_matter_transition_packet_Z076_Os,elementary_matter_occurrence_Z076_Os,76,Os,elementary_matter_118_native_transition_atlas,native_transition_candidate_slot_materialized_no_frequency_or_target,declared_not_executed_in_this_gate,declared_not_executed_in_this_gate,not_materialized,not_evaluated_until_native_resonance_packet_exists,not_read,closed,closed,not_computed,no_score,67f00cbd98f150ce19b908319620fd74237055a6e9eda23c941a5ec060e35607
elem118_transition_077,elementary_matter_transition_packet_Z077_Ir,elementary_matter_occurrence_Z077_Ir,77,Ir,elementary_matter_118_native_transition_atlas,native_transition_candidate_slot_materialized_no_frequency_or_target,declared_not_executed_in_this_gate,declared_not_executed_in_this_gate,not_materialized,not_evaluated_until_native_resonance_packet_exists,not_read,closed,closed,not_computed,no_score,f60ba2d10e08a4b81d305c3db09a57f886a5eb42116e9703667240eb9089da49
elem118_transition_078,elementary_matter_transition_packet_Z078_Pt,elementary_matter_occurrence_Z078_Pt,78,Pt,elementary_matter_118_native_transition_atlas,native_transition_candidate_slot_materialized_no_frequency_or_target,declared_not_executed_in_this_gate,declared_not_executed_in_this_gate,not_materialized,not_evaluated_until_native_resonance_packet_exists,not_read,closed,closed,not_computed,no_score,91ed4c516cb2ec5c701f53b0963a3a73c0be30936cd664d33c76e64fe6063f66
elem118_transition_079,elementary_matter_transition_packet_Z079_Au,elementary_matter_occurrence_Z079_Au,79,Au,elementary_matter_118_native_transition_atlas,native_transition_candidate_slot_materialized_no_frequency_or_target,declared_not_executed_in_this_gate,declared_not_executed_in_this_gate,not_materialized,not_evaluated_until_native_resonance_packet_exists,not_read,closed,closed,not_computed,no_score,3a90b7439fc1212e29f0242a9ee9c4871727f6e826ad09d5f729e140d8956ad7
elem118_transition_080,elementary_matter_transition_packet_Z080_Hg,elementary_matter_occurrence_Z080_Hg,80,Hg,elementary_matter_118_native_transition_atlas,native_transition_candidate_slot_materialized_no_frequency_or_target,declared_not_executed_in_this_gate,declared_not_executed_in_this_gate,not_materialized,not_evaluated_until_native_resonance_packet_exists,not_read,closed,closed,not_computed,no_score,87c69f07a86db9741b64d32cecff87cdc82b2b9fb18d1c970a1401b57b9eece5
elem118_transition_081,elementary_matter_transition_packet_Z081_Tl,elementary_matter_occurrence_Z081_Tl,81,Tl,elementary_matter_118_native_transition_atlas,native_transition_candidate_slot_materialized_no_frequency_or_target,declared_not_executed_in_this_gate,declared_not_executed_in_this_gate,not_materialized,not_evaluated_until_native_resonance_packet_exists,not_read,closed,closed,not_computed,no_score,df1c022376dba39bb6f16b6f581b37b503e600dcd3404fc1f3d6c8e2d166187f
elem118_transition_082,elementary_matter_transition_packet_Z082_Pb,elementary_matter_occurrence_Z082_Pb,82,Pb,elementary_matter_118_native_transition_atlas,native_transition_candidate_slot_materialized_no_frequency_or_target,declared_not_executed_in_this_gate,declared_not_executed_in_this_gate,not_materialized,not_evaluated_until_native_resonance_packet_exists,not_read,closed,closed,not_computed,no_score,cfb90e9836863673371e168d10db9b62f9facbc68fcbff28689f6408800dae3e
elem118_transition_083,elementary_matter_transition_packet_Z083_Bi,elementary_matter_occurrence_Z083_Bi,83,Bi,elementary_matter_118_native_transition_atlas,native_transition_candidate_slot_materialized_no_frequency_or_target,declared_not_executed_in_this_gate,declared_not_executed_in_this_gate,not_materialized,not_evaluated_until_native_resonance_packet_exists,not_read,closed,closed,not_computed,no_score,21d6de8e6a495ab08c5f53922353170304535c71dac94a325ec796a81b278102
elem118_transition_084,elementary_matter_transition_packet_Z084_Po,elementary_matter_occurrence_Z084_Po,84,Po,elementary_matter_118_native_transition_atlas,native_transition_candidate_slot_materialized_no_frequency_or_target,declared_not_executed_in_this_gate,declared_not_executed_in_this_gate,not_materialized,not_evaluated_until_native_resonance_packet_exists,not_read,closed,closed,not_computed,no_score,b1c6b37a1a552735b8755cdcf3de613aac1f69bfab1ae14427a79bb51bd3d42c
elem118_transition_085,elementary_matter_transition_packet_Z085_At,elementary_matter_occurrence_Z085_At,85,At,elementary_matter_118_native_transition_atlas,native_transition_candidate_slot_materialized_no_frequency_or_target,declared_not_executed_in_this_gate,declared_not_executed_in_this_gate,not_materialized,not_evaluated_until_native_resonance_packet_exists,not_read,closed,closed,not_computed,no_score,25d7ec92e06a3f25e19d07af89c18b22162b5e4883cb563c159a0ab0bda2f168
elem118_transition_086,elementary_matter_transition_packet_Z086_Rn,elementary_matter_occurrence_Z086_Rn,86,Rn,elementary_matter_118_native_transition_atlas,native_transition_candidate_slot_materialized_no_frequency_or_target,declared_not_executed_in_this_gate,declared_not_executed_in_this_gate,not_materialized,not_evaluated_until_native_resonance_packet_exists,not_read,closed,closed,not_computed,no_score,90e7e53e604a428ed128b83b7f01e0a5c3e24c0862d004931f1733868ad71244
elem118_transition_087,elementary_matter_transition_packet_Z087_Fr,elementary_matter_occurrence_Z087_Fr,87,Fr,elementary_matter_118_native_transition_atlas,native_transition_candidate_slot_materialized_no_frequency_or_target,declared_not_executed_in_this_gate,declared_not_executed_in_this_gate,not_materialized,not_evaluated_until_native_resonance_packet_exists,not_read,closed,closed,not_computed,no_score,7e184c64bd2c3e9895472134baa6410e0c7a1ca5ef807badc4ab8df3c7017e05
elem118_transition_088,elementary_matter_transition_packet_Z088_Ra,elementary_matter_occurrence_Z088_Ra,88,Ra,elementary_matter_118_native_transition_atlas,native_transition_candidate_slot_materialized_no_frequency_or_target,declared_not_executed_in_this_gate,declared_not_executed_in_this_gate,not_materialized,not_evaluated_until_native_resonance_packet_exists,not_read,closed,closed,not_computed,no_score,542e48e1723417be22357b0919036e0b3f294ca4a51b603c1a91f3f39527fd73
elem118_transition_089,elementary_matter_transition_packet_Z089_Ac,elementary_matter_occurrence_Z089_Ac,89,Ac,elementary_matter_118_native_transition_atlas,native_transition_candidate_slot_materialized_no_frequency_or_target,declared_not_executed_in_this_gate,declared_not_executed_in_this_gate,not_materialized,not_evaluated_until_native_resonance_packet_exists,not_read,closed,closed,not_computed,no_score,c463813f4bc15a99163460f865c8e0a6ab9a40676747ac31f53b9f7691483995
elem118_transition_090,elementary_matter_transition_packet_Z090_Th,elementary_matter_occurrence_Z090_Th,90,Th,elementary_matter_118_native_transition_atlas,native_transition_candidate_slot_materialized_no_frequency_or_target,declared_not_executed_in_this_gate,declared_not_executed_in_this_gate,not_materialized,not_evaluated_until_native_resonance_packet_exists,not_read,closed,closed,not_computed,no_score,ff852ff977d7a2bbe2f09e2382a97b7c4e1d285a63f87f238caf0d9d70f6b51b
elem118_transition_091,elementary_matter_transition_packet_Z091_Pa,elementary_matter_occurrence_Z091_Pa,91,Pa,elementary_matter_118_native_transition_atlas,native_transition_candidate_slot_materialized_no_frequency_or_target,declared_not_executed_in_this_gate,declared_not_executed_in_this_gate,not_materialized,not_evaluated_until_native_resonance_packet_exists,not_read,closed,closed,not_computed,no_score,c4260e6d8899206730414303c3a4f166e71461ade475ccbef685beee502dea96
elem118_transition_092,elementary_matter_transition_packet_Z092_U,elementary_matter_occurrence_Z092_U,92,U,elementary_matter_118_native_transition_atlas,native_transition_candidate_slot_materialized_no_frequency_or_target,declared_not_executed_in_this_gate,declared_not_executed_in_this_gate,not_materialized,not_evaluated_until_native_resonance_packet_exists,not_read,closed,closed,not_computed,no_score,13137c0a342e9a7b713d4144a5f294903e035ad26f599a0c94789a6f90f951e0
elem118_transition_093,elementary_matter_transition_packet_Z093_Np,elementary_matter_occurrence_Z093_Np,93,Np,elementary_matter_118_native_transition_atlas,native_transition_candidate_slot_materialized_no_frequency_or_target,declared_not_executed_in_this_gate,declared_not_executed_in_this_gate,not_materialized,not_evaluated_until_native_resonance_packet_exists,not_read,closed,closed,not_computed,no_score,68f2a7303338b0c2e3f044f11c290bacbff71b77dba72f5f24728f0176f123b4
elem118_transition_094,elementary_matter_transition_packet_Z094_Pu,elementary_matter_occurrence_Z094_Pu,94,Pu,elementary_matter_118_native_transition_atlas,native_transition_candidate_slot_materialized_no_frequency_or_target,declared_not_executed_in_this_gate,declared_not_executed_in_this_gate,not_materialized,not_evaluated_until_native_resonance_packet_exists,not_read,closed,closed,not_computed,no_score,977a78f99c17e4f380275d528e5a6c8e11798d17b320813d466ece64deed96c3
elem118_transition_095,elementary_matter_transition_packet_Z095_Am,elementary_matter_occurrence_Z095_Am,95,Am,elementary_matter_118_native_transition_atlas,native_transition_candidate_slot_materialized_no_frequency_or_target,declared_not_executed_in_this_gate,declared_not_executed_in_this_gate,not_materialized,not_evaluated_until_native_resonance_packet_exists,not_read,closed,closed,not_computed,no_score,cfd262a6602604ef0a69afec5a531bfebedca4e48f7b9fa624f803c07835c99f
elem118_transition_096,elementary_matter_transition_packet_Z096_Cm,elementary_matter_occurrence_Z096_Cm,96,Cm,elementary_matter_118_native_transition_atlas,native_transition_candidate_slot_materialized_no_frequency_or_target,declared_not_executed_in_this_gate,declared_not_executed_in_this_gate,not_materialized,not_evaluated_until_native_resonance_packet_exists,not_read,closed,closed,not_computed,no_score,a05c060708338650464fbcc058761d3f65d9e46ad8848344f6ea941ab5366704
elem118_transition_097,elementary_matter_transition_packet_Z097_Bk,elementary_matter_occurrence_Z097_Bk,97,Bk,elementary_matter_118_native_transition_atlas,native_transition_candidate_slot_materialized_no_frequency_or_target,declared_not_executed_in_this_gate,declared_not_executed_in_this_gate,not_materialized,not_evaluated_until_native_resonance_packet_exists,not_read,closed,closed,not_computed,no_score,aa248bbc6885acb6fef286c5a309c14fcbc764f9b4684b5009fd15881aa18ed2
elem118_transition_098,elementary_matter_transition_packet_Z098_Cf,elementary_matter_occurrence_Z098_Cf,98,Cf,elementary_matter_118_native_transition_atlas,native_transition_candidate_slot_materialized_no_frequency_or_target,declared_not_executed_in_this_gate,declared_not_executed_in_this_gate,not_materialized,not_evaluated_until_native_resonance_packet_exists,not_read,closed,closed,not_computed,no_score,910c5b6ca5cc96f4060fc811eb08e8ac65c77aa85060d8f8e9d9043e0af559c3
elem118_transition_099,elementary_matter_transition_packet_Z099_Es,elementary_matter_occurrence_Z099_Es,99,Es,elementary_matter_118_native_transition_atlas,native_transition_candidate_slot_materialized_no_frequency_or_target,declared_not_executed_in_this_gate,declared_not_executed_in_this_gate,not_materialized,not_evaluated_until_native_resonance_packet_exists,not_read,closed,closed,not_computed,no_score,8c2ca72625897605d04373fcc3b270ef927327cf8ddccfcf1b59a6c21d31185e
elem118_transition_100,elementary_matter_transition_packet_Z100_Fm,elementary_matter_occurrence_Z100_Fm,100,Fm,elementary_matter_118_native_transition_atlas,native_transition_candidate_slot_materialized_no_frequency_or_target,declared_not_executed_in_this_gate,declared_not_executed_in_this_gate,not_materialized,not_evaluated_until_native_resonance_packet_exists,not_read,closed,closed,not_computed,no_score,2da4fc9fc22c9ee78669f4ea84b5fd1c9ec5f1a6ebdb3743ed34a10ee4f728a8
elem118_transition_101,elementary_matter_transition_packet_Z101_Md,elementary_matter_occurrence_Z101_Md,101,Md,elementary_matter_118_native_transition_atlas,native_transition_candidate_slot_materialized_no_frequency_or_target,declared_not_executed_in_this_gate,declared_not_executed_in_this_gate,not_materialized,not_evaluated_until_native_resonance_packet_exists,not_read,closed,closed,not_computed,no_score,f4d6bc18f05f31244fc4ea856798c606abb766410aba7251a8f7c24943edc26f
elem118_transition_102,elementary_matter_transition_packet_Z102_No,elementary_matter_occurrence_Z102_No,102,No,elementary_matter_118_native_transition_atlas,native_transition_candidate_slot_materialized_no_frequency_or_target,declared_not_executed_in_this_gate,declared_not_executed_in_this_gate,not_materialized,not_evaluated_until_native_resonance_packet_exists,not_read,closed,closed,not_computed,no_score,80bee55e4e92ebd8c364c24e201004e2c93294b50386b687b3adb0a721739c29
elem118_transition_103,elementary_matter_transition_packet_Z103_Lr,elementary_matter_occurrence_Z103_Lr,103,Lr,elementary_matter_118_native_transition_atlas,native_transition_candidate_slot_materialized_no_frequency_or_target,declared_not_executed_in_this_gate,declared_not_executed_in_this_gate,not_materialized,not_evaluated_until_native_resonance_packet_exists,not_read,closed,closed,not_computed,no_score,f169f7adb1fa88184b9c36cd6590163304c67321b6d908df5e1a636b5289bc44
elem118_transition_104,elementary_matter_transition_packet_Z104_Rf,elementary_matter_occurrence_Z104_Rf,104,Rf,elementary_matter_118_native_transition_atlas,native_transition_candidate_slot_materialized_no_frequency_or_target,declared_not_executed_in_this_gate,declared_not_executed_in_this_gate,not_materialized,not_evaluated_until_native_resonance_packet_exists,not_read,closed,closed,not_computed,no_score,36e9982907743b2e8dcf90e8aacd71b9dbbb53efd8821a822f20482f97389045
elem118_transition_105,elementary_matter_transition_packet_Z105_Db,elementary_matter_occurrence_Z105_Db,105,Db,elementary_matter_118_native_transition_atlas,native_transition_candidate_slot_materialized_no_frequency_or_target,declared_not_executed_in_this_gate,declared_not_executed_in_this_gate,not_materialized,not_evaluated_until_native_resonance_packet_exists,not_read,closed,closed,not_computed,no_score,b2b203f6ae89312a35d09e3fc8e9c9a12fcae2e595592e8e4ce276383992a8f3
elem118_transition_106,elementary_matter_transition_packet_Z106_Sg,elementary_matter_occurrence_Z106_Sg,106,Sg,elementary_matter_118_native_transition_atlas,native_transition_candidate_slot_materialized_no_frequency_or_target,declared_not_executed_in_this_gate,declared_not_executed_in_this_gate,not_materialized,not_evaluated_until_native_resonance_packet_exists,not_read,closed,closed,not_computed,no_score,aabfe61cca9fb07bf4bd92c904c66d5f494848cffbc2dab6d5a271bfcd498872
elem118_transition_107,elementary_matter_transition_packet_Z107_Bh,elementary_matter_occurrence_Z107_Bh,107,Bh,elementary_matter_118_native_transition_atlas,native_transition_candidate_slot_materialized_no_frequency_or_target,declared_not_executed_in_this_gate,declared_not_executed_in_this_gate,not_materialized,not_evaluated_until_native_resonance_packet_exists,not_read,closed,closed,not_computed,no_score,6b5457f1986f6c6dd9bda38fe7e34ffa67f8d6d2cbf6ed811a64ca0f352c3c62
elem118_transition_108,elementary_matter_transition_packet_Z108_Hs,elementary_matter_occurrence_Z108_Hs,108,Hs,elementary_matter_118_native_transition_atlas,native_transition_candidate_slot_materialized_no_frequency_or_target,declared_not_executed_in_this_gate,declared_not_executed_in_this_gate,not_materialized,not_evaluated_until_native_resonance_packet_exists,not_read,closed,closed,not_computed,no_score,50d8d946fadc5a2a4dd46df091c37bd7441cf87c8e8db9dc8c39ff5425ac50d2
elem118_transition_109,elementary_matter_transition_packet_Z109_Mt,elementary_matter_occurrence_Z109_Mt,109,Mt,elementary_matter_118_native_transition_atlas,native_transition_candidate_slot_materialized_no_frequency_or_target,declared_not_executed_in_this_gate,declared_not_executed_in_this_gate,not_materialized,not_evaluated_until_native_resonance_packet_exists,not_read,closed,closed,not_computed,no_score,127e4c5916ee21a680b3fa660dd37b57dc75563ecc230a22826d42bab9d4e9d1
elem118_transition_110,elementary_matter_transition_packet_Z110_Ds,elementary_matter_occurrence_Z110_Ds,110,Ds,elementary_matter_118_native_transition_atlas,native_transition_candidate_slot_materialized_no_frequency_or_target,declared_not_executed_in_this_gate,declared_not_executed_in_this_gate,not_materialized,not_evaluated_until_native_resonance_packet_exists,not_read,closed,closed,not_computed,no_score,2006fddf9533564988bee81f165f9af8e8e6659094dbe09fff25d5dfa540004e
elem118_transition_111,elementary_matter_transition_packet_Z111_Rg,elementary_matter_occurrence_Z111_Rg,111,Rg,elementary_matter_118_native_transition_atlas,native_transition_candidate_slot_materialized_no_frequency_or_target,declared_not_executed_in_this_gate,declared_not_executed_in_this_gate,not_materialized,not_evaluated_until_native_resonance_packet_exists,not_read,closed,closed,not_computed,no_score,f2f248772175223414202e55a98263fa2dd593541e5db7b7f2c1f50466a3e309
elem118_transition_112,elementary_matter_transition_packet_Z112_Cn,elementary_matter_occurrence_Z112_Cn,112,Cn,elementary_matter_118_native_transition_atlas,native_transition_candidate_slot_materialized_no_frequency_or_target,declared_not_executed_in_this_gate,declared_not_executed_in_this_gate,not_materialized,not_evaluated_until_native_resonance_packet_exists,not_read,closed,closed,not_computed,no_score,529e7df04bbc4779ed713c31285e921b53c25a68406b0c7343f26c5c79aece51
elem118_transition_113,elementary_matter_transition_packet_Z113_Nh,elementary_matter_occurrence_Z113_Nh,113,Nh,elementary_matter_118_native_transition_atlas,native_transition_candidate_slot_materialized_no_frequency_or_target,declared_not_executed_in_this_gate,declared_not_executed_in_this_gate,not_materialized,not_evaluated_until_native_resonance_packet_exists,not_read,closed,closed,not_computed,no_score,62dab56ab8d0b5df0eacb9e05161c2a6cf778954bbe83670956eaf225235399c
elem118_transition_114,elementary_matter_transition_packet_Z114_Fl,elementary_matter_occurrence_Z114_Fl,114,Fl,elementary_matter_118_native_transition_atlas,native_transition_candidate_slot_materialized_no_frequency_or_target,declared_not_executed_in_this_gate,declared_not_executed_in_this_gate,not_materialized,not_evaluated_until_native_resonance_packet_exists,not_read,closed,closed,not_computed,no_score,f2f6113afcf1e900af7daf720f82f417d8c4a63a72805b5e2aaaa960f6006453
elem118_transition_115,elementary_matter_transition_packet_Z115_Mc,elementary_matter_occurrence_Z115_Mc,115,Mc,elementary_matter_118_native_transition_atlas,native_transition_candidate_slot_materialized_no_frequency_or_target,declared_not_executed_in_this_gate,declared_not_executed_in_this_gate,not_materialized,not_evaluated_until_native_resonance_packet_exists,not_read,closed,closed,not_computed,no_score,0949ce5a5b132898ba6d8c8a8ce9e2dacf55a530cc62af3b0bfba3022f77ffe2
elem118_transition_116,elementary_matter_transition_packet_Z116_Lv,elementary_matter_occurrence_Z116_Lv,116,Lv,elementary_matter_118_native_transition_atlas,native_transition_candidate_slot_materialized_no_frequency_or_target,declared_not_executed_in_this_gate,declared_not_executed_in_this_gate,not_materialized,not_evaluated_until_native_resonance_packet_exists,not_read,closed,closed,not_computed,no_score,5885d045d6132355bcbc53e30eaa73107d0254a47cfab4dc97d7ffcde7acda67
elem118_transition_117,elementary_matter_transition_packet_Z117_Ts,elementary_matter_occurrence_Z117_Ts,117,Ts,elementary_matter_118_native_transition_atlas,native_transition_candidate_slot_materialized_no_frequency_or_target,declared_not_executed_in_this_gate,declared_not_executed_in_this_gate,not_materialized,not_evaluated_until_native_resonance_packet_exists,not_read,closed,closed,not_computed,no_score,f84a6abe3e603fffd240e7742f2db4b347b7ed2cf69bac82a9df6ba8273880da
elem118_transition_118,elementary_matter_transition_packet_Z118_Og,elementary_matter_occurrence_Z118_Og,118,Og,elementary_matter_118_native_transition_atlas,native_transition_candidate_slot_materialized_no_frequency_or_target,declared_not_executed_in_this_gate,declared_not_executed_in_this_gate,not_materialized,not_evaluated_until_native_resonance_packet_exists,not_read,closed,closed,not_computed,no_score,517b9d33ee4bc6ba6e5ce88f70331758092d61632c36c77616256acf3ae283e9
