enumeration_row_id,enumeration_row_index,row_role,row_time_semantics,identity_packet_id,identity_packet_sha256,occurrence_binding_id,occurrence_binding_sha256,construction_rule_id,construction_rule_sha256,construction_equivalence_class_id,stage_order,stage_id,alternative_index,kernel_id,kernel_sha256,boundary_id,boundary_card_sha256,window_id,fractal_octave_coordinate,native_count_unit,primitive_completion_object,monon_completion_status,v,e,v_e,sigma_e,adm_e_B,w_num,w_den,Z_num,Z_den,P_num,P_den,P_exact,execution_mode,route_e_B,target_observable_input_status,enumeration_row_sha256
cs133_identity_Z55_A133_N78_kernel_00,0,native_structural_kernel_enumeration,non_temporal_alternative_enumeration,cs133_identity_Z55_A133_N78,894f71f8b28ad7ec43ab844370d85853ad040cf8be46814bad40d3b13f069607,cs133_elementary_occurrence_00o8,4ef6bd3b07adf7c0a0002e0ed14902da9fd95ef20c4fef1e6de6a2bc8fa46382,elementary_00o8_bip_monon_Q4_occurrence_v2,7c222fab487138fb46251800b7ad75655a81e3e5ac4394b0ffdb550868cf9ed4,elementary_00o8_Q4_branch_hinge_branch_monon_family,1,left_branch,0,cs133_kernel_left_uniform4_v1,bb281f07822bdb8651f956a87d076742c1ba098627a2ed7fed374b8ec8cfb320,B_Cs_structural_scope,2e5fb32a38050b3ce62a209dcf58ad978324902861e4791ee7f9bf18b0593592,omega_Cs_structural_6slot,00_(8),bip,monon,pending_connected_cycle_trace_M2,left_branch_source,left_branch_edge_0,left_branch_target_0,branch_minus,1,1,1,4,1,1,4,1/4,enumerate_all,native_structural_support,absent,6480f0059a11bd4fbfefcf8604df80305bcca2554cc2b4dac056e4ceb055e6a3
cs133_identity_Z55_A133_N78_kernel_01,1,native_structural_kernel_enumeration,non_temporal_alternative_enumeration,cs133_identity_Z55_A133_N78,894f71f8b28ad7ec43ab844370d85853ad040cf8be46814bad40d3b13f069607,cs133_elementary_occurrence_00o8,4ef6bd3b07adf7c0a0002e0ed14902da9fd95ef20c4fef1e6de6a2bc8fa46382,elementary_00o8_bip_monon_Q4_occurrence_v2,7c222fab487138fb46251800b7ad75655a81e3e5ac4394b0ffdb550868cf9ed4,elementary_00o8_Q4_branch_hinge_branch_monon_family,1,left_branch,1,cs133_kernel_left_uniform4_v1,bb281f07822bdb8651f956a87d076742c1ba098627a2ed7fed374b8ec8cfb320,B_Cs_structural_scope,2e5fb32a38050b3ce62a209dcf58ad978324902861e4791ee7f9bf18b0593592,omega_Cs_structural_6slot,00_(8),bip,monon,pending_connected_cycle_trace_M2,left_branch_source,left_branch_edge_1,left_branch_target_1,branch_minus,1,1,1,4,1,1,4,1/4,enumerate_all,native_structural_support,absent,2582423df1c49b7e0e3e8d8bea5ef619646a582830e0b0a2942bc2321f568c20
cs133_identity_Z55_A133_N78_kernel_02,2,native_structural_kernel_enumeration,non_temporal_alternative_enumeration,cs133_identity_Z55_A133_N78,894f71f8b28ad7ec43ab844370d85853ad040cf8be46814bad40d3b13f069607,cs133_elementary_occurrence_00o8,4ef6bd3b07adf7c0a0002e0ed14902da9fd95ef20c4fef1e6de6a2bc8fa46382,elementary_00o8_bip_monon_Q4_occurrence_v2,7c222fab487138fb46251800b7ad75655a81e3e5ac4394b0ffdb550868cf9ed4,elementary_00o8_Q4_branch_hinge_branch_monon_family,1,left_branch,2,cs133_kernel_left_uniform4_v1,bb281f07822bdb8651f956a87d076742c1ba098627a2ed7fed374b8ec8cfb320,B_Cs_structural_scope,2e5fb32a38050b3ce62a209dcf58ad978324902861e4791ee7f9bf18b0593592,omega_Cs_structural_6slot,00_(8),bip,monon,pending_connected_cycle_trace_M2,left_branch_source,left_branch_edge_2,left_branch_target_2,branch_minus,1,1,1,4,1,1,4,1/4,enumerate_all,native_structural_support,absent,219eb9732ae02a4a54eac01d49ecb12bc7eccdc4572767e815052096c770fb99
cs133_identity_Z55_A133_N78_kernel_03,3,native_structural_kernel_enumeration,non_temporal_alternative_enumeration,cs133_identity_Z55_A133_N78,894f71f8b28ad7ec43ab844370d85853ad040cf8be46814bad40d3b13f069607,cs133_elementary_occurrence_00o8,4ef6bd3b07adf7c0a0002e0ed14902da9fd95ef20c4fef1e6de6a2bc8fa46382,elementary_00o8_bip_monon_Q4_occurrence_v2,7c222fab487138fb46251800b7ad75655a81e3e5ac4394b0ffdb550868cf9ed4,elementary_00o8_Q4_branch_hinge_branch_monon_family,1,left_branch,3,cs133_kernel_left_uniform4_v1,bb281f07822bdb8651f956a87d076742c1ba098627a2ed7fed374b8ec8cfb320,B_Cs_structural_scope,2e5fb32a38050b3ce62a209dcf58ad978324902861e4791ee7f9bf18b0593592,omega_Cs_structural_6slot,00_(8),bip,monon,pending_connected_cycle_trace_M2,left_branch_source,left_branch_edge_3,left_branch_target_3,branch_minus,1,1,1,4,1,1,4,1/4,enumerate_all,native_structural_support,absent,f7f7dee13138cc08d083a7cbb5bb915ddf0e745b675f8eab1a895192f019e3a5
cs133_identity_Z55_A133_N78_kernel_04,4,native_structural_kernel_enumeration,non_temporal_alternative_enumeration,cs133_identity_Z55_A133_N78,894f71f8b28ad7ec43ab844370d85853ad040cf8be46814bad40d3b13f069607,cs133_elementary_occurrence_00o8,4ef6bd3b07adf7c0a0002e0ed14902da9fd95ef20c4fef1e6de6a2bc8fa46382,elementary_00o8_bip_monon_Q4_occurrence_v2,7c222fab487138fb46251800b7ad75655a81e3e5ac4394b0ffdb550868cf9ed4,elementary_00o8_Q4_branch_hinge_branch_monon_family,2,hinge,0,cs133_kernel_hinge_identity_v1,7696f425baae8e62d546a78c8d331188ce8405f84f4cef50525ff1d9e57c4ddd,B_Cs_structural_scope,2e5fb32a38050b3ce62a209dcf58ad978324902861e4791ee7f9bf18b0593592,omega_Cs_structural_6slot,00_(8),bip,monon,pending_connected_cycle_trace_M2,hinge_source,hinge_edge_0,hinge_target_0,hinge_mu,1,1,1,1,1,1,1,1/1,enumerate_all,native_structural_support,absent,4dbf6473a51942f34d6c4d1c90c98ef2be59842d8ef530b9034eeacd247ff718
cs133_identity_Z55_A133_N78_kernel_05,5,native_structural_kernel_enumeration,non_temporal_alternative_enumeration,cs133_identity_Z55_A133_N78,894f71f8b28ad7ec43ab844370d85853ad040cf8be46814bad40d3b13f069607,cs133_elementary_occurrence_00o8,4ef6bd3b07adf7c0a0002e0ed14902da9fd95ef20c4fef1e6de6a2bc8fa46382,elementary_00o8_bip_monon_Q4_occurrence_v2,7c222fab487138fb46251800b7ad75655a81e3e5ac4394b0ffdb550868cf9ed4,elementary_00o8_Q4_branch_hinge_branch_monon_family,3,right_branch,0,cs133_kernel_right_uniform4_v1,860c409f4eea086329bde9f6ed7ce0edb90ba02cc3bb62e49bb12d7f5bdc81b9,B_Cs_structural_scope,2e5fb32a38050b3ce62a209dcf58ad978324902861e4791ee7f9bf18b0593592,omega_Cs_structural_6slot,00_(8),bip,monon,pending_connected_cycle_trace_M2,right_branch_source,right_branch_edge_0,right_branch_target_0,branch_plus,1,1,1,4,1,1,4,1/4,enumerate_all,native_structural_support,absent,8e84fe47a294c08031805ecb1f57d994658b117917449aaae47172185634dec1
cs133_identity_Z55_A133_N78_kernel_06,6,native_structural_kernel_enumeration,non_temporal_alternative_enumeration,cs133_identity_Z55_A133_N78,894f71f8b28ad7ec43ab844370d85853ad040cf8be46814bad40d3b13f069607,cs133_elementary_occurrence_00o8,4ef6bd3b07adf7c0a0002e0ed14902da9fd95ef20c4fef1e6de6a2bc8fa46382,elementary_00o8_bip_monon_Q4_occurrence_v2,7c222fab487138fb46251800b7ad75655a81e3e5ac4394b0ffdb550868cf9ed4,elementary_00o8_Q4_branch_hinge_branch_monon_family,3,right_branch,1,cs133_kernel_right_uniform4_v1,860c409f4eea086329bde9f6ed7ce0edb90ba02cc3bb62e49bb12d7f5bdc81b9,B_Cs_structural_scope,2e5fb32a38050b3ce62a209dcf58ad978324902861e4791ee7f9bf18b0593592,omega_Cs_structural_6slot,00_(8),bip,monon,pending_connected_cycle_trace_M2,right_branch_source,right_branch_edge_1,right_branch_target_1,branch_plus,1,1,1,4,1,1,4,1/4,enumerate_all,native_structural_support,absent,665f096f091b417342859a2e4ed92a4feb8bfcac713c188780a73fc700a3a2b0
cs133_identity_Z55_A133_N78_kernel_07,7,native_structural_kernel_enumeration,non_temporal_alternative_enumeration,cs133_identity_Z55_A133_N78,894f71f8b28ad7ec43ab844370d85853ad040cf8be46814bad40d3b13f069607,cs133_elementary_occurrence_00o8,4ef6bd3b07adf7c0a0002e0ed14902da9fd95ef20c4fef1e6de6a2bc8fa46382,elementary_00o8_bip_monon_Q4_occurrence_v2,7c222fab487138fb46251800b7ad75655a81e3e5ac4394b0ffdb550868cf9ed4,elementary_00o8_Q4_branch_hinge_branch_monon_family,3,right_branch,2,cs133_kernel_right_uniform4_v1,860c409f4eea086329bde9f6ed7ce0edb90ba02cc3bb62e49bb12d7f5bdc81b9,B_Cs_structural_scope,2e5fb32a38050b3ce62a209dcf58ad978324902861e4791ee7f9bf18b0593592,omega_Cs_structural_6slot,00_(8),bip,monon,pending_connected_cycle_trace_M2,right_branch_source,right_branch_edge_2,right_branch_target_2,branch_plus,1,1,1,4,1,1,4,1/4,enumerate_all,native_structural_support,absent,f1a4b547f5a5b38529fced1b64831b28110057127db88ad6ffb7ef244387e7d1
cs133_identity_Z55_A133_N78_kernel_08,8,native_structural_kernel_enumeration,non_temporal_alternative_enumeration,cs133_identity_Z55_A133_N78,894f71f8b28ad7ec43ab844370d85853ad040cf8be46814bad40d3b13f069607,cs133_elementary_occurrence_00o8,4ef6bd3b07adf7c0a0002e0ed14902da9fd95ef20c4fef1e6de6a2bc8fa46382,elementary_00o8_bip_monon_Q4_occurrence_v2,7c222fab487138fb46251800b7ad75655a81e3e5ac4394b0ffdb550868cf9ed4,elementary_00o8_Q4_branch_hinge_branch_monon_family,3,right_branch,3,cs133_kernel_right_uniform4_v1,860c409f4eea086329bde9f6ed7ce0edb90ba02cc3bb62e49bb12d7f5bdc81b9,B_Cs_structural_scope,2e5fb32a38050b3ce62a209dcf58ad978324902861e4791ee7f9bf18b0593592,omega_Cs_structural_6slot,00_(8),bip,monon,pending_connected_cycle_trace_M2,right_branch_source,right_branch_edge_3,right_branch_target_3,branch_plus,1,1,1,4,1,1,4,1/4,enumerate_all,native_structural_support,absent,55a01b83ba2ee4cc72960ed3f917009c8113fa4ca7dca10821011a6e6a0b8eca
